Temperature[C],Humidity[%],TVOC[ppb],eCO2[ppm],Fire Alarm
34.9816047538945,32.959305018703375,5234.113674718119,3494.433773360931,1
58.02857225639664,57.93306631648507,4939.575981439996,4064.734427080313,1
49.2797576724562,81.10620851134857,18125.091610420735,1552.1523344454954,1
43.946339367881464,71.25574204866928,4990.923996990122,3274.420858192195,1
26.24074561769746,76.45928035030148,5438.99452257262,3030.031522461244,1
26.239780813448107,66.11483566975022,15187.965248359274,4231.019733226047,1
22.32334448672798,68.45935951624966,8994.7968490108,4568.0004782137985,1
54.647045830997406,79.44369560957236,15534.211139103623,455.9211487959793,1
44.04460046972835,37.47676062014301,1307.3231512877048,3500.491627670446,1
48.32290311184182,54.259747455019834,9751.423873467686,638.4446759507534,1
20.823379771832098,35.484660927372154,672.2720036656526,2924.749859355837,0
58.79639408647977,89.13676055976529,1253.0640691070905,1723.1105536009197,1
53.29770563201687,86.08415377806293,18128.74906688822,1811.1723578018496,1
28.493564427131048,22.759876795795414,2784.9074223519033,2023.6091158808401,1
27.272998688284027,69.3902620760982,10648.413645504343,3257.9452656282065,1
27.33618039413735,84.7673822190966,8221.912052014131,1936.6298420763383,1
32.169689718381505,32.64027415891334,6946.866525176853,3770.41563271529,1
40.990257265289515,59.756166138684065,17996.66691374545,2260.8259736398004,1
37.27780074568463,84.08418083116293,436.46793550979004,714.4247214258096,0
31.649165607921677,22.37621850100592,13275.793723511782,4005.295275426893,1
44.474115788895176,68.8194187072788,19267.88868427101,1714.4882931264476,1
25.579754426081674,40.81443051607855,11203.363669236838,2390.727646156608,1
31.685785941408724,84.70773367635712,18736.449240661837,3553.041862820747,1
34.65447373174767,87.97407716157575,1045.1575857204753,1929.2983228840753,1
38.24279936868144,86.09865423794038,8375.866381483227,660.2940182748919,1
51.407038455720546,53.194995166022466,5203.155819241023,2120.0368162589425,1
27.98695128633439,80.34298556925194,14616.419299614596,4744.463480393796,1
40.569377536544465,79.11845789745493,19625.941809944932,3351.978227573368,1
43.696582754481696,42.337033127027894,5130.6012488849565,3488.804083869152,1
21.85801650879991,78.02408319054742,13083.49202948149,3308.4979067331433,1
44.30179407605753,22.59053443008448,3961.9526551948024,1315.3638392134094,1
26.82096494749166,61.738891493743715,11306.605091432199,2324.3357748704884,1
22.60206371941118,36.100618610139215,9278.649733766724,3854.323072471264,1
57.95542149013333,28.439682004409516,19440.106592630742,866.315328744532,1
58.625281322982374,25.38672411404464,12170.545453929331,1678.1227700126765,1
52.33589392465844,68.74021431146979,6990.127441736376,1671.0678989429266,1
32.18455076693483,43.791247463764634,2281.9156977586676,2387.2870669347276,1
23.906884560255357,70.73367400701329,3024.936574698691,4909.696208334051,1
47.36932106048627,24.574943855925966,4506.338599024702,710.511714745581,1
37.606099749584054,42.07032364814272,5019.333226805959,2786.024574150737,1
24.881529393791155,57.7643904662736,17012.321156822756,1225.077537256168,1
39.80707640445081,75.35062153872744,11224.455765650499,4865.112108884823,1
21.375540844608736,42.312675205244894,10467.818227487329,921.1961217463353,1
56.372816083151285,63.81239635059064,2295.3774373843494,2256.56461086332,1
30.351199264000677,82.0184423765331,17202.7938669887,3794.2709302391886,1
46.50089137415928,63.11042317276132,14456.286064169675,3640.9503689262483,1
32.46844304357644,36.30716323275436,1353.3672380000316,2344.5517297120887,1
40.80272084711243,21.70805470895766,14156.701944595374,1994.0111725825038,1
41.86841117373119,80.90692117306509,10870.764346852922,2229.016941343205,1
27.394178221021082,21.4888587595271,1634.5069149355652,1615.6708105297407,1
58.783385110582344,81.22911708789397,9166.012830573129,1344.5315180512791,1
51.00531293444458,57.02559938190484,9693.925742600939,2621.982608770894,1
57.579957662567566,85.73473889590274,3315.490803265515,1635.2552779109938,1
55.79309401710595,75.91482650415658,18913.962940005647,1722.3236585273505,1
43.915999152443405,89.85538773733363,16999.507429613237,3421.0778919829627,1
56.87496940092467,44.54982708161971,13380.446746582167,4855.271725819504,1
23.53970008207678,73.70318022517888,9245.911220012144,3176.7311225731255,1
27.83931449676581,48.13516395264695,8235.31083169017,754.1055484988449,1
21.80909155642152,53.59129342127362,13019.469343019084,747.6846237287082,1
33.013213230530575,63.9253824252859,10908.63738813811,4776.546815889604,1
35.54709158757928,81.15739799304372,1245.4621176377123,1767.5376354137347,1
30.853961270955836,88.88584284395066,10250.052975406634,823.5081359793869,1
53.14950036607718,73.77913897051627,16128.07234465679,3155.6051008917552,1
34.27013306774357,49.243674751713364,9184.79755193916,3268.784380135224,1
31.23738038749523,49.494990159394916,1039.1315510853683,3383.1221725459654,1
41.707843326329936,71.6307611112224,15725.563987680662,1630.04932814469,1
25.636968998990504,36.71440020378117,4027.2756427194877,469.50914738658514,1
52.08787923016159,27.733187919197626,5172.416697760776,4839.07069949057,1
22.982025747190832,44.82355103485436,3294.127068645918,1554.1080101790715,1
59.47547746402069,40.10672941578572,6604.301297429951,3509.7209250417186,1
50.889790771866295,40.741568431919305,15135.0301137727,3650.497401442064,1
27.948627261366894,36.35254257349369,10387.717190078747,3206.0341185656343,1
20.220884684944096,22.94652327454533,4097.625483014251,1839.3740133827819,1
52.618457138193364,21.251175431338968,17556.60156304082,1647.0427673147026,1
48.274293753904686,89.14056728152221,17591.637099030584,3149.2741004324344,1
49.160286721639494,49.94411936151036,17411.568500920137,4384.039914613781,1
50.85081386743783,46.90286530117771,4775.924227630786,4754.97515304762,1
22.961786069363615,67.57530978851489,9024.786883619761,887.1667002572851,1
34.33862914177091,35.27777215055449,19699.7931228175,1112.2116179495113,1
24.63476238100519,86.49728287651577,15440.249526199806,4745.786790402167,1
54.52413703502374,75.04415100908864,543.3484245111964,3788.062050340046,1
44.93192507310232,26.258770161858166,1304.091825209841,4461.771594216956,1
33.23592099410597,49.230654304944984,9278.627536246655,1332.1101170225784,1
22.542334011440946,81.53828152935154,18184.404117231203,3102.8950071032486,1
32.43929286862649,86.13124156039872,10774.035959054285,3625.2421343203787,1
33.007332881069885,52.718105787490884,9956.250160685804,3528.514673056074,1
49.18424713352256,62.93879724474954,2109.473999132612,2277.4977779868113,1
45.502298854208526,31.692376226445266,13135.602094485881,470.816501780019,1
55.48850970305306,89.38180382958836,16442.06321200451,3081.4598612996106,1
38.88859700647797,36.21701909684104,7608.400150151247,1564.2670802262003,1
24.78376983753207,85.99122418945879,15512.23701850655,2471.1695322572955,1
48.5297914889198,65.4752654294658,19289.533078016233,4804.87266938556,1
50.4314019446759,62.54157564152014,4075.3291825537817,2235.5624611552,1
42.45108790277985,55.8881957711556,10466.592623894827,4263.087390656363,1
50.83868719818244,36.14688682024311,5742.759161691511,1267.2867864465552,1
39.75182385457563,32.35696224038558,15857.088380676787,3493.318290915133,1
40.90931317527976,35.43403463491227,11551.86731762315,4894.23199041914,1
37.101640734341984,33.05067835009782,12691.648351006075,868.7082640155093,1
21.016765069763807,74.57091314967273,15958.283192317882,438.2717342450833,1
24.315657079732176,44.508768141671105,7919.409453249098,2394.480846110026,1
21.25716742746937,24.048987359437746,18301.801368140863,826.0772220362892,1
45.45641645055122,87.83718410985679,10660.5773449228,3842.568008510664,1
32.57423924305307,81.8650119474398,3159.09645670696,4606.923853703371,1
40.34282764658811,84.94265982366491,13917.98236337605,2396.4964744602903,1
56.30265895704372,89.64354758525047,15865.227008765089,1590.0735539150285,1
29.971689165955,32.17266744536411,6335.233541350533,2398.255267430405,1
36.41531692142519,47.736941323186116,17143.58513997506,3727.8599621100047,1
50.22204554172195,73.07669329928639,18122.865095315326,441.6491432697065,1
29.1519266196649,68.72144326376545,5538.089747556179,3111.488351629607,1
23.07919639315172,30.772713443789854,19670.42945430444,3221.1417504819437,1
31.590058116550722,77.10831874934325,2814.2305609751684,3333.3659357213032,1
26.448851490160177,35.710840028566246,4040.3133680497995,1513.3015679120351,1
57.18790609370292,35.667233037583614,3684.4967847605226,3684.642527539383,1
52.32481518257668,57.58820960253895,17879.79420015741,820.4008371261715,1
45.33615026041694,61.50579543891922,13085.851046499238,1316.6435477472837,1
54.85842360750871,60.60603454864678,3042.0856644454575,4436.362214610617,1
52.14688307596458,26.404078617842842,8806.468367366979,3798.1264933422053,1
27.462802355441433,81.42226038412662,12305.96050139604,463.22954845218817,1
55.70235993959911,38.592002981209426,1669.2816997876657,1542.530797701081,1
41.57368967662603,29.06604448979629,17648.327368146776,1386.269821768557,1
52.2976062065625,82.2123655908284,16072.070708830703,1645.7091089700739,1
55.84365199693973,86.89560487608274,10104.135471532765,1538.7749432874775,1
32.72013899887455,80.34893320858154,19342.53230518341,687.6209604170904,1
24.402076981107072,76.66612523074147,8355.219585501995,2511.1263763453735,1
29.117406501677667,65.86693864473152,19682.206380729956,3770.5739840163596,1
37.084311545050255,58.56001594263975,13358.399976072542,3190.9659337002076,1
52.72059063689972,26.08907319379871,12693.42546507883,3495.209675551167,1
54.429223330253734,48.59172491494891,3319.0979059157,773.2862212667001,1
20.27808522124763,46.08819619086198,17638.55516609288,4776.857266813221,1
40.42989210310263,38.182764863222836,8549.793758412303,4257.062435677914,1
36.696440125951156,70.63940795820095,3244.668115649587,4103.415465080048,1
28.88431241882921,54.711301455513954,252.15039951518082,4185.72550319213,0
24.794614693347313,25.673235113535355,11195.113672767651,4690.468337410703,1
33.50460685614512,35.41282413648679,10547.992442453526,2903.568244123009,1
57.71638815650077,67.8281134561717,14387.07244738317,1321.2972821910791,1
32.92811728083021,25.329160164321014,17805.161060356044,3237.2045961216895,1
40.75162486973464,79.5844839834138,1588.1316928605904,3817.2548708725194,1
48.12075835580711,54.660256890978204,14629.929806807248,3794.420009428517,1
34.54518409517176,53.64106041286536,3748.2388819516445,2798.6655111676487,1
58.87128330883843,61.46854492616623,17163.54106314328,714.910108934459,1
58.497891797684446,77.72766761476043,16381.270277233121,2107.119516778588,1
30.071291833014566,44.34664455315351,10815.875099710887,4635.5263989314435,1
39.88994023569542,67.46113067913444,14204.85597246623,3088.4649848841595,1
32.03513239267079,59.601237479705375,6287.002263674968,2876.326938976282,1
31.393619775098706,38.69197891185949,9423.357978656293,1636.72616615809,1
21.47547789418131,81.50409904486105,16432.737954209435,2094.865031616263,1
44.382573359195874,75.81982151248496,9185.303943464278,4518.592010104579,1
40.10716092915446,66.09162842608978,7155.965306508836,3465.7300186234443,1
22.059150049999573,79.54072103659693,9884.248945005998,4021.9803230607313,1
31.14585856946446,80.71059406718616,16564.985048744365,2489.9889461112134,1
56.33063543866615,69.58540837005243,6704.160947417455,3299.1372094983262,1
29.582475626678896,78.59093298545704,3475.231862714876,1542.5646002187545,1
25.795794883648924,68.82300231684985,14240.280406615615,3645.119819304037,1
39.57811041110252,67.60985402322103,16519.564254161636,2366.9661350353517,1
59.42601816442403,63.3027964750629,2012.7495704706666,2435.70936814783,1
29.682210860460017,72.69016476903488,4797.4822551188945,3386.8826930536557,1
46.885421896235144,31.102357370515158,2839.439795219878,4706.890858757062,1
50.4647846131487,81.66095314392498,6958.828231643332,694.4291943996562,1
29.50550175969599,81.02904694216625,9007.019578108253,4193.818891796235,1
49.12865394447438,22.04730981241914,14976.52673926613,1744.9623078960883,1
34.71132530877013,77.80717253953338,13022.951697633482,2442.0294907293382,1
45.29223322374318,29.020890723141164,12418.571349568623,500.8013123650412,1
45.34118843043579,43.45831979813993,7047.498932193088,1784.81195803784,1
41.43098736299034,72.04557794041254,16828.9510616952,2712.1037160986,1
23.61159080217633,31.253192723381574,9425.743347963291,658.4099557982195,1
53.41209982356952,77.25769168833435,19582.09876030309,2659.0403551625595,1
32.83120259886943,78.24939245704194,12682.842765914736,4664.708892748766,1
27.46074041599417,55.52274136325853,2525.294831290055,884.808803295904,1
21.631005662190557,20.44701102017835,13523.55124150868,3916.42734914732,1
43.63571772752967,40.09266932224389,6502.080308633979,2284.4868455295664,1
47.1025744736913,63.18488428630195,13726.543933721949,3413.799086811955,1
20.663513157114245,88.68303246191964,1392.8229632481148,1597.088350732055,1
40.48372233197124,64.22694689116679,3497.6287435191875,1133.664407690248,1
29.059831007917516,38.186250674491184,17114.745178115725,1138.1280256476416,1
45.806911616377995,64.38039921697279,4543.591140470297,724.2629499584655,1
26.97465716019966,57.79897658010988,16740.822504858803,1253.9748425457178,1
47.63750952409864,74.58917766058005,5585.521769088208,3455.409170949254,1
35.469413852021496,27.488644717887087,12857.638201174153,4455.776814480138,1
57.46919954946938,73.27195317514196,13883.01147019662,4144.978153719345,1
25.50083776583973,57.88866050732772,10253.095062901059,3551.617825422627,1
33.64265404201034,87.40944027012962,6106.213533934626,907.9865716910723,1
24.538940849623565,43.931051622708026,4252.887527421923,1730.2622529613693,1
56.98774473114251,64.28353251937637,663.7870912485245,1825.1116264833572,1
55.09357413523924,85.24196738570123,6078.928024814476,1549.8019534290577,1
30.317665108606224,27.17568095934755,13063.25581062566,2769.0260346647265,1
46.39936184136716,85.60599410655158,18766.096368969655,2863.5475484464937,1
52.688888008048636,68.15200056105694,17424.08964526104,2041.675485787107,1
42.2080324639785,24.748594137362034,15321.295530706051,2027.4301301876058,1
41.18602313424026,41.067449686277136,15768.946865065973,4211.355750367975,1
29.67409163601807,69.57204620516971,13299.698069519905,4030.7471022705536,1
23.72411071223597,24.71454210281402,5205.737151320061,1815.86082573143,1
55.88863031813307,60.75193221233913,18143.900614116596,4603.426841816993,1
56.016722286533216,44.21181398670697,13414.64623811668,4782.949078211528,1
45.32405829093072,63.4640862437234,11208.8126196088,1903.0156933381877,1
33.56119164194803,23.201942366875898,2219.7893842696217,2030.3547644480523,1
33.968382984506434,81.00757643066635,8941.110876128509,2725.917105741011,1
49.038227154809576,88.14422784241778,9207.165424038525,4729.155737654898,1
55.884410398103086,87.8214498699984,17291.2721904534,4431.069392454633,1
55.48345697060469,72.47562822200473,10932.96440375577,871.8126278845131,1
51.19502183430495,29.106036809144236,7608.010979408193,2206.561419048515,1
45.68126584617151,73.07842371503159,19536.006570213187,2945.5074728489503,1
23.365598599801952,21.721084152116106,2214.4118665263136,2714.409373737084,1
26.465148563784552,21.548648607029808,8450.968566238893,1291.7701125097065,1
55.94216754108317,42.652715340467886,840.4935034281058,4350.557147373512,1
44.2571623863836,54.205023328326604,14798.082415338607,3513.9276017854518,1
20.367882064665185,73.92851924654553,18361.531043983014,4254.3785243182965,1
24.058861714641285,67.83067636245536,5600.746591009789,4350.315685007572,1
46.54007076432223,51.21318944637238,17166.833535982416,3842.4369268624027,1
20.20246335384875,39.15386663971661,5844.364609237955,2420.3687657487,1
26.432322056699945,89.79871501103977,18215.403232878303,3208.515073070953,1
41.949351574663446,49.83269115651811,15079.238071935679,1137.6808681508185,1
47.67580790770773,51.59709170307728,16098.135536828773,3498.7689203845753,1
46.07845038010402,31.453667483416844,360.13111200909,1224.5649764006914,1
28.970772378422392,75.63666841249506,19256.207141480518,3592.1681163467215,1
48.48716885390144,68.55775580470421,14533.419841406465,1456.1515394682558,1
29.489963499872005,35.45387289521322,6095.021907722667,940.7359806910118,1
33.01598792637071,25.76667319310899,16587.89329717694,1160.3086546576042,1
49.85965620472096,67.63495114522992,5630.423968298599,409.16382200772324,1
45.98531596188859,65.81578499967947,17455.076791322557,3706.202242126239,1
53.96893641976712,39.12816688987465,2251.6078082387403,3769.044825668544,1
46.30451569201374,86.56044935752873,14073.719549215915,2768.6934096009936,1
42.73234413341886,30.574052424663016,10813.969532898207,1142.268884854765,1
23.7469907131237,50.26343607298213,1930.6894039088163,784.3499525491728,1
34.70863212237734,86.05311441173193,4837.87656517678,487.99324561152025,1
30.608094707269018,49.38091218482856,248.08072554629578,1162.4416140400153,0
29.75958573516334,64.696816336486,9375.359309290117,4497.935460922475,1
58.920422190097824,47.831607857395596,6025.305215200007,1511.0694718277362,1
35.723908986670416,39.1950641644069,11967.149685955177,2029.648105199192,1
55.681862207084535,88.87843535718798,5944.7561541723435,884.5892286141327,1
45.245545039890516,48.65338044205301,5998.382230139694,1422.8620018415832,1
51.79245214166593,82.58694425753941,14863.863974632068,2788.4330255889436,1
40.10548372420769,36.09682241237603,962.8567195670689,3195.6623422400016,1
43.07615538505436,34.91732928175583,18057.899903839745,1528.620645164571,1
39.70070775275455,22.179385801915796,17045.27748782363,665.5679324355392,1
27.80971951192178,65.61667777631195,13356.09366452813,2198.7511979860337,1
48.89808461046022,45.796844060663275,11864.431402147686,1477.335506261137,1
31.23089449763423,80.50507748877459,17846.049962793044,1409.948046857089,1
20.972638657258152,53.124693468409,3706.603590574289,4815.368892481894,1
45.81889183628671,87.77353995403053,1579.3832438165723,3234.9822352583305,1
27.084427176281956,32.98678609921848,4790.2033981907625,2961.640838591641,1
57.61834337411657,80.80362175689275,15891.565574003806,2312.565476207281,1
58.157143080103495,74.36177969542192,693.4053345296664,2373.1439337786637,1
56.59457560881794,73.96452912508364,11656.136701669793,2888.1630176551716,1
34.806348010217775,79.13482596818213,19908.7503238262,3603.5771123660934,1
20.618264661154697,73.27167936600992,17113.92187675079,3629.8720424364155,1
57.132742503509014,63.835422514199074,10428.91378087179,1189.7919754450681,1
37.12736593269257,29.18714143776713,1272.8181857328468,2700.518659552484,1
58.666192761746785,22.276832564387632,16627.470287714197,2295.007237156869,1
58.54479908357011,84.45934934709808,11979.570163544211,4404.424044839167,1
54.120378218694405,63.16552201645166,2298.6599411913367,3304.5270376045314,1
31.77795568278343,75.75761036833234,1877.145696467124,2849.518705513516,1
35.40390914407701,53.706564605878505,18192.53638873185,930.81535402302,1
54.045466860674274,28.211573227367616,13384.005258761568,3185.9342908876924,1
32.676880206251106,28.763005454178533,16585.735986335112,939.1379661290738,1
26.7797098674437,67.989570106028,17579.578005645348,1951.1502476024596,1
42.27205049833401,50.12141264296239,11435.447040966445,1057.0730381459266,1
57.44619096643124,34.03673086902357,10348.927035100825,3583.538776312097,1
47.84119186699892,54.41161827190058,8608.548206419804,1348.759723646302,1
42.8024468035746,24.494625595259386,6338.931755822386,2202.55311666492,1
23.88705975083074,60.73799813400792,8691.919217174236,4520.103977046382,1
44.60028906796679,38.82953831045684,15477.593114603127,1339.8553636352633,1
59.60215400417053,75.82913704460317,12038.468620302632,2735.903294210384,1
25.60336060946096,41.72533712465017,17850.46579909692,2328.6496413637014,1
40.73318609454947,51.86541043572608,8867.600287583755,483.37058881035676,1
55.094922877118215,20.813437793567044,12141.79157437508,4046.687322434939,1
49.63074471016817,25.071282145619122,12626.151061839775,717.6111690471587,1
47.88062963981072,47.47454894846794,11833.94324612651,2581.5730964939867,1
48.09936335948437,53.595718430198644,14052.675461710327,2979.1201567191697,1
34.37964604879021,62.00143836835126,4748.669367496125,3290.7617004271005,1
31.743673770579733,40.416380509651226,10247.275550915812,3567.7054948162277,1
52.374446219140545,68.64873202885798,2084.4960561669536,1565.0529642044894,1
52.404535787167234,80.20856780324432,7690.226552896251,445.9023726288671,1
54.68289274320415,74.5895692225345,9753.341372425288,3727.840846832595,1
56.529622102258855,22.773317774385,13044.485190909449,2864.0203569988616,1
40.453695954437514,53.63548630804802,19010.62105172407,4246.141434753345,1
40.060651787487984,27.34511248927224,12013.021330967118,4178.386469343193,1
51.931807158671006,36.943151110376924,14871.878323531197,4279.300371824263,1
45.99855723111061,89.06638152870025,10125.321189904054,2631.435435905885,1
48.07867509030814,29.974688003105925,12682.080627526626,1934.690620849582,1
51.83170677744404,54.922170741594925,1418.6443226754686,4041.167731920302,1
55.60021367270265,63.270901402268336,5087.83161683694,2475.9529199345725,1
33.51980627406143,69.17254793808728,7237.061864102774,1243.8341034557989,1
35.02331810559776,59.175407844083985,9449.867100130272,4332.880489982782,1
23.75927759363476,20.683959319342858,912.9749100476747,4459.775433152798,1
43.13120563984696,42.85229157707943,2800.4819510663538,2545.0248782447825,1
21.437690951869683,56.2398150369298,5536.286155826116,748.2187456250224,1
38.623920725298404,26.150654940138335,19430.653818021012,2184.0000136178837,1
41.70578538830306,44.543885184642654,6626.940142061016,4096.273233527976,1
31.461650085131375,22.32421761539566,9640.821162241651,4548.160531312652,1
43.63333042276043,25.500494800851452,3921.954254767859,1335.9746154889408,1
21.220009997561977,47.78462933411173,12215.601421515365,708.0786153162489,1
21.493927549968575,29.290102783014227,5613.6643103194865,4435.812084411058,1
52.904022426386334,59.72785937830907,4139.851568768536,2191.2627193028266,1
34.40762565645052,68.2625478396086,10331.452568919582,2892.100435630791,1
25.08242050607539,76.0410689376358,110.11598320841642,4853.102735433491,0
40.88973040219217,34.010517097136706,153.28065298450656,706.197748405425,1
50.799742123944434,31.723780758134883,4381.376182037156,3382.2628342796397,1
28.632841099873726,27.31974882340802,734.4272500164228,740.8849438443885,1
44.915619032760006,64.55011746805457,2160.5150826138274,2127.157070945902,1
23.41389859975072,69.45330085408308,6777.212986775032,4097.546907889855,1
22.06726884674431,22.211030137794943,16051.713591596257,2393.9722706759185,1
41.25418526272592,85.53485723705829,11440.972867386017,4987.038827953572,1
41.62540486440426,23.637989855603067,10253.354519128328,2971.67271075437,1
45.497196059928264,57.890743471074934,5869.776464162433,1877.3459021253861,1
49.04365334890646,69.63423636156415,18635.07438865633,1412.5120991618644,1
59.03408317850138,80.967838662226,7940.300824743834,2012.3944577163443,1
40.65201393204781,69.98608524926995,1741.8553359154298,2113.6530592939334,1
32.91825891764984,76.12096581488544,12341.330322356025,716.0829175302205,1
51.80744779074814,43.761513477996424,2276.7678695320283,2100.041317363157,1
30.83329005048297,77.03775796225585,6904.4628560338415,2535.4971908004345,1
37.558856828225444,25.60803924692726,10148.238774356178,3724.5936602985016,1
23.138255253690637,82.63716592423694,17484.450493703516,3420.9556297193967,1
21.0140297366183,58.331466330761536,9870.931606802373,3660.3220140541093,1
58.505936587117006,77.21084389737456,14045.175320633285,438.47293663354264,1
53.439204820488236,51.66227991628101,19856.336779981408,1401.270038070466,1
47.83896824374792,65.05043866375675,2629.7823979596324,3443.74772663934,1
36.35811777657079,56.84818626552792,5494.630510390391,2626.3510936268367,1
26.93177280283383,71.21126652287323,7891.521511952928,424.44198807439136,1
26.257481706843443,25.71409874214127,8436.563570776627,4100.675355186382,1
30.009715926583812,24.224645879339466,8220.421505310915,3954.924037135552,1
41.969066588244814,37.29722638071025,18152.2200511311,2922.728149770388,1
48.583836908002496,31.168127607923182,14280.652889337129,705.7312985708518,1
46.40789506870925,81.02484966145411,12158.104281814076,3925.969227849889,1
31.197355877837715,35.344979115063104,6187.454357255641,3085.0825035642742,1
58.19461122652776,88.31056790733919,16475.807684425894,3997.0158949266124,1
49.51587666783074,43.58270542397748,19101.21022969978,3858.036165020866,1
42.17416210045603,32.748254098208946,16423.96565100453,4093.8095310060507,1
44.46882984937409,75.27889549997354,31.302103829458083,2782.8371054612744,1
36.7840024971116,66.10954428506133,12728.02740366814,1045.4927836901688,1
29.909239580046297,54.87370015171973,1022.7076288420145,3487.324377546568,1
34.238907146050465,58.87544856563419,5152.144406674437,3254.179411239065,1
50.31384441857476,70.34412447905848,1190.4940069554336,3814.364661115801,1
20.575739545190235,35.99183189319091,12075.909058987754,1181.4526278333824,1
24.64290562027665,89.74337412397193,13731.798269852135,1296.8859195413304,1
21.84010568087011,88.23552135027482,2289.7527613181023,4495.883779208911,1
21.629152092758805,65.52279804428558,7676.77766089959,3849.8978728795255,1
54.21842336044029,33.96797156504016,9124.73017911084,4577.851048021485,1
48.146314375200944,67.61597697019039,7381.060435218332,3890.090477354035,1
38.96695316349301,25.05388862854231,2420.500009703861,3146.9144075553886,1
23.91336642604006,22.145675154406426,8378.955803749508,3409.0105903282188,1
39.66463500467329,38.03780219578496,15023.560956168363,4489.988450124046,1
38.93887083122263,52.383606971752144,1420.1532906651094,3062.5110707549265,1
26.928074796400608,80.77907537858664,1603.600281638069,3309.000091910582,1
37.35406596951892,70.90183488364156,7095.425836719684,1119.7928936165627,1
35.94018937589494,71.98945648399868,18834.5142323785,2580.0376125340727,1
44.63400392208866,49.784533411365274,13371.45293445828,3695.426715007255,1
45.40374603470575,44.215449478287404,13573.399133451296,1646.336412255281,1
21.81216039088178,45.97271340892219,7238.399816757299,1330.3692304128606,1
34.98450458505885,89.13546946152405,11873.21582417077,1843.6033178323116,1
45.03439662856945,22.807643398873772,202.62368055486758,1510.9028887670338,1
40.12545034320351,80.6922047285714,12721.920928190844,1388.598130367421,1
54.25959364753289,60.507278600067536,18265.738951524734,2354.3138771932,1
46.347745264757805,50.703079343271334,12251.469366896383,4576.057163864257,1
26.517377083257188,70.76803622905956,17473.971869326902,2732.474374998104,1
22.822749896017193,54.0668258997292,14479.461109321875,1264.433751750486,1
45.69677112825262,81.13962666571624,2411.168328073805,754.0696791520207,1
21.060452421664873,83.0491304807881,18049.066145716835,3602.318267634456,1
43.43102325093853,49.520464881141876,1328.8768871154978,2160.874316407384,1
57.6092096569983,39.37794580645361,10679.349450955275,4180.422354292652,1
43.01896711503516,61.464523001535355,2842.742475869153,3433.7495357475427,1
35.526797048260875,83.86543419316837,234.13221461808132,4062.710672490295,0
45.73152873769413,34.746353230396664,8440.68520255278,1650.9517813248642,1
38.33011561966067,63.607660849443796,5900.814153083124,3584.8510433208676,1
41.8246715726374,64.20921540647643,9720.00987595206,1614.6851295911063,1
57.658592351061,71.31791156906968,11543.997734691016,4719.715005471341,1
35.44410551203097,29.209737958908185,874.7814461789471,3327.321695053522,1
58.44762255295657,70.1077475277462,2460.065902474913,1892.7542808065737,1
56.21402567824255,83.63227644659487,11172.847929008507,1639.754566544454,1
27.831645391571858,32.57781762091694,6863.347063453165,1278.2622913295602,1
22.774452035006618,36.62803274467144,14583.46975098896,3595.3484109111478,1
24.031120055097066,87.99765658291477,13045.832971838794,1406.0918197904657,1
20.72887302606199,32.66838668966429,16912.087259798136,3138.3950232664497,1
23.777718430237137,79.80695653587054,13849.856533384505,1617.3211238566437,1
47.320270936654275,54.45944995136244,8598.621547802963,3445.0571460517954,1
22.84754593840916,37.30617520822239,13459.332447888648,4148.72275128648,1
32.759025211750455,80.9524930890758,5507.623485108371,3978.9161184654045,1
53.79501243877818,51.171367850186584,6126.269975564253,3899.916122281596,1
20.930877429433036,56.03721477507831,15779.703198415866,1263.5230661843595,1
52.578739303557434,45.1463358579836,8928.390328031643,806.5707561287861,1
31.274190990936,61.50655960044492,15967.60681036705,3615.164611041974,1
24.72659310486625,31.446671080951596,16448.44747336557,2094.397183454016,1
47.86948661456603,47.375707565623244,17151.246753225674,2388.7926414553976,1
45.157713871195355,87.85886256347013,18332.704716824148,543.2858268495988,1
55.09888054108212,38.06934028907892,8619.704410265926,1594.0516666652263,1
49.40284175215543,65.97156651789045,6377.336366422776,554.9114578225345,1
52.13923721539394,42.76330449572864,11643.974931882278,4444.2545539657385,1
31.281382902852258,74.14311879806205,7423.448468752552,1519.6247428052402,1
27.097581751188912,29.16115625028449,12021.48333600466,2963.750980035837,1
50.024590065634335,87.88747315549813,14111.717252876493,579.3048750411999,1
52.27338957069056,51.76526789685475,13768.100369842738,3467.4980000060273,1
59.620205680026935,36.52353243425247,7491.057740402427,1885.9257904688318,1
36.50470707645706,25.144772313100887,3337.2040339750565,4530.428260005263,1
34.88072343171133,31.883053356127853,8610.58676924415,4485.343669096565,1
51.05651842967987,56.384176398921234,2851.8828816381747,1896.3368444640398,1
33.63214161012071,43.59022235019004,17801.940703676166,4544.4201201761525,1
57.23029302414259,78.02183561178266,6917.549214757149,4982.325298094383,1
54.336510073720476,50.162126656326414,3089.1949444664756,4196.912054970161,1
37.15976109500073,37.40999908113409,508.95519811501754,4286.408199674053,0
50.03484271165989,63.2001490622821,12916.447725729686,1545.4401861018137,1
50.18171496338729,69.47440518198121,12738.046349094864,3052.831034745679,1
24.124954753437304,31.69293355306649,6812.083331625833,709.3772042498922,1
56.102116267182666,31.733345140182237,1434.23777695302,836.6225093796807,1
40.21009489791429,22.566999885348007,8192.57789790464,4994.906015353136,1
53.058298644309666,71.54814105459484,6224.349901267871,1902.5405473591902,1
32.80198404122447,66.46631693352636,13542.412794700187,3841.6459954246934,1
55.82092913984802,53.22416130248697,12115.584989053807,4110.6592439233555,1
35.56806714936653,79.0919314278438,7291.8745639508,4346.907046633254,1
20.433506059211936,76.39691070650372,4357.851085099802,4989.09016804992,1
56.21527905677055,60.97480550777265,19760.719323111836,1510.883832181592,1
23.651467071445342,80.7789896359281,9080.032423922297,585.6138035546187,1
32.7725455036166,34.40888470257378,13765.484715604742,2291.4809827750955,1
58.0024786820322,27.834373357840953,2811.0593515672153,998.371081213156,1
58.024285877502244,38.88247280618927,9711.793993187955,503.15909014545355,1
42.93751552493144,23.99607992625204,550.7343973893097,2057.963404850836,1
45.27348848679197,57.18186696007224,10109.102358208998,4005.1959549460876,1
37.937820879132786,85.5623984606473,19280.348142354047,3004.431179635326,1
31.728430867922583,22.754047846795675,7684.134259716005,1838.7787503676286,1
33.14658181479664,28.547693980701876,779.9202514982318,3409.973225266511,1
46.900738243081534,51.653931979840465,619.1158183868706,1467.2836294205292,1
50.0949811775072,85.37125122695335,7759.73519893739,466.1546519315911,1
51.66316174903394,42.13092734837254,3200.4987292638807,3916.025577607566,1
51.584725711782156,55.50643660818747,467.0419265637182,3269.2181903744417,1
23.648244121947613,22.910100133527447,15124.272279003537,3906.592072704416,1
39.77681218810326,30.38402406734622,9170.460177637813,579.1148767632618,1
22.302350400665773,89.06410860711928,5784.89543945309,4250.7502880209995,1
41.981155292949424,87.55830875052318,18001.663660329614,3249.8205201669953,1
37.66122005493508,20.345798665408672,2322.7792040105123,2991.6186132781445,1
55.50816731033199,86.62682497962673,19118.376579106385,3273.2246213268454,1
34.03660050208315,64.73839564708503,6279.3343475470565,4376.392935594475,1
24.682680657104235,80.75428061640154,17768.073446173625,3099.9079301709726,1
25.719667282113434,51.83178989437013,12058.857529589231,3072.371747485625,1
50.46042526869889,56.09172200054752,16534.147194829748,4957.124122502522,1
44.728722532650444,54.21926061798441,19680.263264209287,3880.958768515413,1
24.04490704491161,66.6804980282273,5768.108756374914,2434.5515050752224,1
23.364272244599896,29.775587832941902,19222.70970815186,3654.0262001514675,1
48.0387652583648,22.098151291087458,7789.637898048407,2190.4601697822272,1
22.910520254567743,41.55509591138336,7710.238094738446,1452.8271274240954,1
52.87440237161425,69.32765339156526,6807.7420850901135,3145.518633683693,1
48.24968908625985,34.129741648606384,10828.152146951705,4669.637651324177,1
23.25395122567599,67.14027033274421,3082.900863569742,4674.041792071129,1
23.39350856340768,87.89384322750892,11074.229707160224,1972.7642792852555,1
59.465583140047016,26.573050105259288,10834.09624820008,2827.316344619797,1
34.97083183024481,67.08214827575884,15238.0362520974,1373.5251334213615,1
34.825685882675636,51.06251535131998,16672.999238751712,4979.903103694864,1
52.5119826903001,80.76995780642537,8808.82700624848,4913.142376192504,1
57.88994309535435,32.400485261317016,6046.664987029875,3387.7410766542575,1
59.44004255291483,68.48381665583152,5186.697946341889,4100.304674516377,1
50.13512741035767,78.66807027536771,3892.4767340974386,3689.4607419050203,1
35.05038342123663,86.12299536318163,1152.9516439804977,3128.5278075815536,1
23.34002866794675,67.82736198027521,6848.959576694267,645.4007861489295,1
51.08587663709747,54.80223348058991,5404.953842615665,2491.915975742241,1
42.3361699894322,63.24930681408497,19328.347717328146,3504.0169899700886,1
36.96888036987905,80.82334891351027,11154.176525000878,3516.6454238649494,1
56.25417540378944,59.94268226471808,6945.540780610151,2116.3640447429643,1
24.447899292246053,22.12709417877858,11609.352019873919,4731.783138626941,1
39.705004171634364,85.16640868548845,2783.93402691391,1169.8423482891926,1
20.454145790696764,68.26687257220928,8880.874984044058,2701.653452591579,1
38.74642567976505,67.35593700440725,12524.686428421277,3578.066292133785,1
22.252131027273492,35.0972606678402,9777.956635849028,3606.8247071023225,1
24.752716650722878,66.121982916286,8035.576013086485,3383.7392011365514,1
24.701049871084194,47.570508395791094,19876.967777993963,1666.3257818785567,1
45.968412084642544,65.58630839290444,17606.29524297854,1118.5502159584612,1
49.84179517061693,27.461512121559352,12468.119163188801,3325.32550340287,1
43.334750603886384,66.04917132221252,11387.547223645655,3156.7897342414135,1
58.486901938981674,89.95896080394665,12413.20959649168,1225.0376473305084,1
34.99482318094816,23.374842720238924,4026.242156448665,3643.6400696245914,1
31.42848345127443,88.4021928954922,7902.7548652863725,2493.7911619748197,1
54.74396512757841,48.48355725060094,789.1906578179863,3471.6987213745033,1
28.943833540778105,80.95274152360814,9510.920749736533,4251.888566942693,1
58.52890157762445,74.76698388407914,10860.491679153263,1180.7507714538465,1
20.486178987592652,59.69113826906675,4554.994722064192,488.0663927854487,1
58.79515306830556,71.69144464759285,19280.576943310276,3983.871897420619,1
21.726396478023045,81.49608929109435,18189.09221874484,3204.6081557020334,1
55.645724547922846,48.28982251557231,14442.864709118117,3618.34202026176,1
41.108044363451995,42.892321309426706,10667.732575307251,4255.512884947755,1
59.718591844772014,66.73153698945093,17399.383192953697,4092.9303001927024,1
22.951862589415953,76.5492159358881,2613.046876469258,4820.232675872593,1
42.15417137605283,73.3599594343631,15810.1958854977,2865.301362719744,1
58.77210142476396,75.84695542010442,2496.416279336966,2647.0799102355645,1
40.92391376680595,50.49083203690531,15884.213250988108,2248.6811194973584,1
45.1759455254105,77.24839513225152,5515.351365027139,1106.9787970833409,1
47.829947559384685,28.41463387594259,17541.81162036378,3033.993271257303,1
38.18164259071093,58.11423685725947,18880.841876507955,1674.2576118995023,1
45.10232320336254,20.40310623486851,2975.9193881023125,4638.014556179687,1
43.372572476924006,42.72100809301892,9253.51210130787,3082.677699674649,1
56.04632041963956,45.65230744099785,19619.747563253703,3127.064830337307,1
21.817855213658316,47.732088412647876,9668.148719462932,2032.6534400342462,1
31.238527583689212,68.68270446829035,17270.950450290904,639.1510190974544,1
58.01645936306235,47.1990670889242,11774.630442626398,546.0213207157476,1
55.61055135563665,51.408553583577145,7506.5981583920375,2347.3416631047085,1
38.22627011142852,36.62808916120292,5715.6711105174045,789.0007392472942,1
44.80530391206147,46.12762541405381,4064.4618217217453,3191.49599548464,1
31.095247319245306,35.9088739084206,15235.963827553944,4452.475825942424,1
27.52484638895045,25.123714663791056,7730.810136460557,4461.408155986122,1
38.547936197599284,62.24140153669645,10225.509244015024,3431.608886608269,1
34.13408912104211,66.77489589885113,9846.509600023639,1371.6664247754825,1
43.34624447403488,63.36432422067301,11545.580584662624,4369.785424250811,1
23.109385478599393,52.44458306604007,17311.542912491044,4476.0298024407575,1
58.97579230664666,46.585004612546086,19614.786871668588,1304.60649078361,1
59.44842977918412,80.43335547002776,8151.684171476339,3792.1599945451153,1
47.92646856078981,56.33572495953526,16550.37844212606,1717.9899250647657,1
41.44385465376482,53.54273143408117,15290.555893094353,4092.1454368234763,1
32.381104651453114,21.7949446064505,11470.579029111464,4987.294339556573,1
52.551800788277944,43.887347933830945,19120.942872238662,538.119624515207,1
47.38924690215517,46.613693315009996,4009.4903105680555,4527.882982638287,1
26.504677573795654,47.91759466278303,2185.2842061924284,3264.100454553827,1
56.4370873797537,60.61206584591326,17079.239339108444,4877.560048158178,1
52.90148971692676,57.352178270881495,8782.996332674966,2539.043780621567,1
57.99199653167696,62.553356495541124,16939.377084141208,4297.984480628319,1
49.0287803355344,73.54182830794898,17861.8041039083,687.0127155520752,1
44.536607837431596,76.90900171012655,1249.1518723814288,1942.2836303601603,1
36.729721451624755,70.2686153358546,17669.295259721213,708.2760736555658,1
57.309139334160534,86.88665871684543,8966.381107388444,4886.578414003725,1
54.642555580016335,21.276280787345314,10208.649780084645,4158.079973450449,1
21.808746804247576,33.70445899784823,12531.850221864204,4321.718137731465,1
21.05467897989008,20.52940124846995,18527.652134601736,4714.640064595913,1
35.05853467512198,65.32322999082221,382.3218885952806,791.4760361510126,0
52.422133231273314,82.86213842649909,9536.869366356343,2173.7489255613336,1
59.49104517259778,37.043760760340945,13754.440848611213,726.7604896024097,1
26.016675644141127,84.89241813574147,14454.139153964568,1369.6482671301317,1
43.7652286140854,24.21871732026926,13850.64863074216,1455.0825743732928,1
35.23563426524086,85.410521876386,2688.702588162437,2557.893170818862,1
58.79657591258413,44.61358810677441,5987.911767433625,1635.385970286756,1
53.684756925428346,27.099457991445156,7174.310508340269,864.499291361701,1
53.533148188445516,54.01102314304279,16088.7441535901,1170.4590098328954,1
38.74772639179881,37.97435974043556,5575.19744829106,1077.4675923396182,1
36.592780093506605,39.94110313733459,4214.099277344063,4876.153270396572,1
30.93628287722825,41.51029754484006,19148.960380761924,3892.7455318249786,1
22.255019866037085,76.21181284828644,177.26570226937798,4851.702740239985,0
54.588895050202126,57.74128936726781,19956.417113639563,2422.806237936379,1
52.516040365203104,41.791538940920255,13536.425977147912,1680.4950156482203,1
59.98870693144522,62.723364831764286,16569.38598898234,4072.1487071622587,1
59.86547348295622,70.13054719562355,5892.387926923863,1900.768022989275,1
42.2172682241051,39.083680051347365,286.3055533411996,1777.163519044602,1
50.75949660722042,48.948437106774605,14757.3903712306,1469.5275641560236,1
57.79062919529712,28.53202653358633,16682.891940013516,996.5232998314826,1
53.98589562709646,32.68045446742762,14809.522639070383,1579.7300806771234,1
29.893924069727905,67.6782497775488,2857.005746016772,2034.4708429798834,1
38.02176541240374,32.70068433869389,15068.558445139382,3500.3733574703597,1
25.1663766060598,56.76143685669421,15378.45564215282,687.7982742094773,1
58.16204109034889,69.63323832057029,13170.810313401098,1368.3319224605775,1
44.246985378035205,27.48138461663207,15322.318655911724,4121.508745341711,1
29.14571222013851,59.71185537402325,16918.42879355464,1075.8408484853455,1
46.86802737623427,37.95939485909547,12272.082284749169,1976.1676740035991,1
44.72512961831583,87.40488126663058,1772.0942793935812,4377.431040547444,1
34.326508721313616,53.84819527039473,9752.556193344217,1112.6564312598362,1
24.54230368798516,76.41947848426108,1552.9866934321012,780.5894438436735,1
46.862927823711985,58.515857950938326,8150.8606206486165,2628.8747773680498,1
40.812308036151734,23.038877299837342,8142.129782512553,1791.1297518812673,1
50.892735669425576,64.32059629158157,1320.1968828048316,2991.6784766257288,1
40.80654004447973,86.598233954466,6976.410679389586,4097.502496223986,1
54.0872600127416,62.112827410243185,2219.9619758262966,1030.8830455026186,1
42.07627355097942,77.34322015987532,16164.704200184444,3071.2157889497107,1
42.437518861415455,81.89445243438854,18953.760519289415,2725.3402977933742,1
55.0661441063338,35.96558403642527,1446.329505158772,1062.762415660718,1
36.13931464849588,34.84313879357586,19102.304145834027,3270.393033433319,1
25.36060913802563,62.76866921956942,10451.531986734903,1658.7459221595495,1
21.15130705253356,48.771992886469334,5991.313559077478,2644.0378653024572,1
50.20549022694476,78.79029120067042,1537.2415055232702,778.4526916744846,1
44.81238205413859,83.00161863786079,10012.485361408357,2514.086663182666,1
48.16319072396894,44.73949655119027,15890.310889814973,1809.7319529969734,1
28.51856646035643,36.58093912821374,14141.729545333963,4182.95357145263,1
25.45485902347079,74.63678606707032,1004.5202292794753,662.102144187894,1
20.581786626715278,39.23642248836953,1458.0367073580703,2325.5934646243177,1
34.023502352263876,77.58300229595748,8057.465652652742,2508.784551004615,1
43.59670747418532,49.66167775541339,5905.8098809588655,3735.027950975946,1
35.68976180398929,66.72849295040294,4647.686461120957,3041.7228454149704,1
37.498996880949164,26.68747196842677,5620.089978174272,3469.1767510932327,1
56.166347779749934,63.67015272736011,16069.654865937693,3974.4267139980784,1
33.930218680932015,51.62373751160604,18584.56107263708,4366.1336788276685,1
40.55957956639243,61.06259242228319,8102.053890551329,1843.8272849233642,1
51.34612050964572,31.760994542140438,18122.22004264994,2874.9044446739535,1
35.861711292850806,71.58116214609275,6429.914024957639,4264.49716082032,1
44.883468009114935,80.39579542802599,9528.739726875832,4951.475202439259,1
54.49454834986981,35.171786006354296,4520.579956319994,4491.78883080131,1
57.98082494630569,26.70001888641132,12809.520843516879,2108.7494080721335,1
25.882939237161516,21.654701023243547,19579.622303496177,1297.765979205792,1
57.06350500645978,64.93800503102862,12069.861920867574,2651.205672070308,1
39.68465172318153,62.49658252621465,7156.281682270977,3811.5506784457943,1
30.329775531958333,58.2688188899849,12956.348919810567,2665.817725465169,1
38.36543024953045,36.236296728118276,2458.4135693077515,2622.631971242875,1
59.201303011419085,47.36341971338602,17773.18160530797,4255.859936976283,1
39.70472375971478,61.613343463032116,10061.679015596726,2062.4573837090575,1
33.150064411500324,54.773680120141854,8986.99484079284,4355.05550413357,1
45.33603417266903,89.14498641504211,11717.295769070384,2271.3020843779286,1
29.605824751127724,29.55078267897132,12495.677255788049,1909.8722861203612,1
23.034533124346556,68.66011878333157,1435.5161245302606,2488.3535915186153,1
25.155188876425967,48.30231376730045,13652.344424468049,3907.256009904395,1
25.121833558310897,49.973973044793034,4838.633606310592,979.6093281743737,1
26.076107740491775,70.23184359607234,14279.052650131796,1303.52839301128,1
25.553086905976407,68.47053059270587,16450.695887683934,4776.646198050223,1
45.634989792128586,89.38791955915318,16079.170151050406,1207.2614859542439,1
27.275203375965795,28.987600261788767,11050.019348157783,3011.545662482851,1
33.826691332954525,27.287675456891645,10403.397846215023,3064.8465466449143,1
55.87153639624047,70.70371719901189,2857.5192267882344,2652.272525431126,1
38.95846561051489,60.487084190448634,15506.923008062711,3365.8281434533656,1
46.702309540841085,39.19124665918641,5428.187608934288,1457.2029386690447,1
26.892794848065193,25.559355829229062,9933.908456358931,2942.246431773042,1
27.69156075234683,25.996077471750137,5685.481858550334,2111.996974135727,1
21.634744650659155,82.59336122648827,2676.567259993863,3443.6693942942698,1
26.757402522886583,33.430712730312,12591.153937834732,1049.6282995164875,1
31.143613561278343,42.63600934808645,1086.6406964580765,3026.0361174615905,1
27.080419371069873,35.86594815588916,14972.904682524,1252.243634763289,1
23.548101350282224,44.849741408235616,6351.735905222333,1681.7580903291673,1
24.82543484402403,24.859668992226535,2.6938600897064013,1406.065081488483,1
38.43115072130903,56.334185363578925,10222.582784744596,1241.0537873965586,1
28.2533487362317,24.73287945145504,937.0381705520625,4198.2703771790675,1
34.57079444192302,76.02495554756531,5523.39115641799,1714.2548112400955,1
40.136690834194276,36.35984573373031,14139.529749114323,4664.7693965764665,1
47.615793145174614,57.80083402231574,1253.7924324373173,4861.662016587878,1
21.572485593643957,81.60553612930208,16786.769847120046,3027.798161710648,1
51.976415956361706,65.56141583330358,76.39845317166217,1057.8051642623413,1
45.11601557963631,57.307045058593474,4936.477384038045,2122.9219195460737,1
23.270361277954876,42.70336271807629,14818.08112304143,4069.5684114017845,1
54.94314496427109,43.31013391407386,6325.402994586136,2089.997352006524,1
56.83489602127253,66.86408686387331,2037.8477613202706,800.2792041928283,1
22.44311839419455,89.58975528548173,7204.678376008557,2961.2105902696644,1
31.07510592588815,66.3287432894565,5407.8657276905105,4287.55591688176,1
52.24805119172245,59.044839215901746,16854.2380432111,4061.261380860111,1
49.93038761534633,71.14553571674722,6266.958351702862,1205.566444599625,1
27.38084077425509,52.56439285986027,15778.649435520145,3494.7172262973468,1
28.373972933468412,24.209963982054965,17837.442896214696,1414.3196118039768,1
34.81888411165528,59.360777111453686,8676.348391530591,1403.7546589399922,1
39.38091940764085,87.03376991537661,18198.86287708784,4420.730157203852,1
44.73019086121184,32.271205965036174,7546.3610792638565,1548.4771826050587,1
34.75654558279089,68.3003423574466,19281.568329802165,1610.9377939828514,1
38.50138864532592,34.06535820613395,1785.7904905114585,403.00559750197795,1
49.89883752535026,57.50793791311569,13740.385330064855,4405.077556977381,1
21.467328115623914,26.767351475270374,9876.280809138574,4045.93614076202,1
30.09747777376083,51.52596553807296,7752.976109112941,3285.7131014171187,1
48.5339834353821,72.93143302266722,12654.237574972018,3851.2225141186746,1
55.808273507487975,44.330006696728745,14077.141832686624,1099.4234101526622,1
40.467097684626644,66.54382071410527,87.26539300618174,2508.288535102847,1
41.284539410612624,75.68149725528104,3339.0617749439743,2015.6091818043922,1
24.286880453591042,84.90244736356169,14260.921012686375,831.3720207822759,1
37.89649467293819,36.42494572988175,13327.70827156413,2636.2002319886506,1
41.304690658200926,47.95211410665157,19320.950102573544,4635.402391576123,1
29.698820145389185,30.66912093312922,15220.75580501566,584.2719476331946,1
30.769729237975238,89.47384515108627,19015.45415462676,1740.720202071452,1
35.091366524184906,84.89006775470067,14050.810030696139,1354.688306546236,1
20.802847911109055,57.79699911963917,5961.044172788863,1495.474606862203,1
32.88316662332713,78.94233060634949,2107.2984450171293,4578.798938645126,1
28.457920279861785,56.467058409042956,15636.477266898712,2553.1176494777346,1
33.09989408711658,63.65099816019318,12882.984429518317,2544.9772995231665,1
24.79048527277005,26.238710248121162,963.7202478659245,3898.6479552942988,1
55.6210912295958,72.86892943477656,7201.009318019566,1110.6641384226587,1
43.743698142161946,28.93994385446644,19135.996309685725,2641.4206288602336,1
47.164092765779586,77.824734117677,10008.022914204024,2377.9319849568747,1
51.56684954429353,74.741966136927,8654.582720394093,3145.7891765146182,1
39.93768795716229,69.61212884200836,9153.99210318588,4997.965434952018,1
23.47681152349695,22.531226636733347,4177.654480103274,3939.4649127774164,1
41.48426167274191,41.218984916173,7374.143417295904,2230.182233880165,1
43.47364472083517,38.417879893759,7396.2651197435325,4206.744040460616,1
49.8175789673732,45.20954852300633,1047.100403749448,1185.2584712374087,1
37.26638184918718,26.134992273468697,15351.352570358365,540.1329570212166,1
25.10321211182255,85.5870476121744,8330.08863807758,1340.462513335656,1
31.351036231948978,58.76615684986634,16443.597736328466,1965.8931581255945,1
34.5232918559454,41.38670174606165,17006.960022397907,2748.6714843139753,1
45.836689653264045,47.788706195199836,4239.881093973161,3229.5940464895193,1
42.83113218675648,51.30417783533849,13147.069643402572,4588.78629918634,1
34.243869035913846,62.04160333524321,9445.636083259635,2745.3284439321055,1
59.460609951719185,56.09755993875484,17603.1347584297,2705.8679652783553,1
44.230992774275485,84.35743812500921,4314.813583529082,631.1178451857178,1
29.48907166943978,54.78744380340812,13556.264006200885,560.5931422186295,1
24.07129890481615,89.45106103763189,12155.04244505445,2935.3358248153113,1
26.11436556737328,79.59974704215671,5906.029551436655,2415.6216209423847,1
29.838309135380324,34.59573600501351,2732.0180730234524,4260.229816909374,1
26.427254930382226,85.14166502507413,13032.795209545531,1139.126089674488,1
27.462680962052232,28.145647851983327,14771.949162646613,514.8696457384282,1
31.403806747753883,77.22147959438341,6312.546875267,2465.578332478579,1
26.93494381179019,46.6436305433606,12896.652080446276,1492.4013610603845,1
55.870616985057005,81.45820243115486,7902.618152230066,628.2261173586522,1
23.20934982646569,80.76396830752152,14264.137665652355,3733.1521194990933,1
40.98045558281019,76.41477800823348,3984.3054978810624,913.3277998033384,1
36.41587307958646,75.3021305414943,17804.300052723487,3198.26970003575,1
59.29514467634426,41.32753973686285,5748.191929311594,1692.82885076769,1
24.481556086722094,25.664349813587652,7355.719755123058,1198.0818316331013,1
35.91422396182966,48.208612513561306,1161.8390416069956,2146.8570054288602,1
58.77881733101476,32.146716049055605,2230.2442464255278,4086.6505706255866,1
54.62028503575921,68.64657622317232,10317.238054246562,2203.6304537610345,1
52.6828828379712,44.22698085764499,5351.85353455943,3853.540386370856,1
30.316113081797592,88.29271406019404,16709.604514843886,977.2369652760932,1
26.835503495602634,64.86804541417324,293.8677730990769,3954.748530459364,0
46.74572879697724,77.57363945440527,7581.880973438724,1489.8932945705837,1
57.17503956510343,29.276727091929388,6746.910935381853,3516.008397488815,1
42.27051572055719,80.34101375908358,386.5526183520207,3002.595152268583,1
42.864507578795994,84.59300333593761,2487.3679800102045,4674.0656991737615,1
31.199163746411365,54.09433431732551,8272.853498372706,2181.6835826864444,1
50.779717327677474,62.43770564256842,9857.291688948933,704.3598686384261,1
27.481749942300937,73.53668606320969,8085.794945097382,488.11523353576337,1
32.947169456169746,32.23870390822888,10618.753568241877,4203.549380474664,1
37.01745754465667,55.17962535244097,11902.63349811363,2813.783933242588,1
40.3044151473782,47.906411944061915,198.4764225567126,3966.1226384407664,1
29.696389296603208,30.24617945135744,9281.903189070077,1478.3577600529675,1
24.59347298956814,45.727409560407196,19269.984817751767,1987.3852293608752,1
44.4248016976653,24.772061656984548,10380.645602590974,538.4778121720672,1
31.54522212961023,21.80683348646409,13550.845349179064,4822.864693040916,1
43.24952885690449,29.461640240837593,6237.277158337664,3472.192370823742,1
26.174508610968093,87.41805781124216,15479.82756305525,4692.743403692809,1
39.2456040741927,58.467067512651184,15458.429637522302,1621.2834741737327,1
41.30357730206343,87.6075512807254,10425.92095308278,3212.73261163804,1
22.072941472897078,50.27485148310924,19520.276465584273,3521.099854146134,1
33.46417112775683,41.82712931596817,2511.0042952530675,1860.7286211849068,1
25.37658707755897,55.429930398817085,338.9532977916199,4301.302481071898,0
22.534998818910708,50.76581820430371,15403.16423514192,4756.94272934114,1
59.59840929559781,27.396527898322073,16143.110747297651,4470.33354140162,1
32.89415379898892,64.85784202831444,2404.144582411525,3799.7080893211137,1
52.3949778341854,35.12267277567197,5311.656659172121,1676.3375267347885,1
30.185626190550554,63.37115684284807,351.0472673325782,1695.433793685906,0
47.26010888895717,65.51407646787074,5866.172215611294,4831.457474051775,1
50.409114395587466,30.64173971900537,15462.83747837343,447.3086813041833,1
43.82554962431377,24.29447389774677,10359.210554251578,3693.8298769138646,1
38.863047542006335,74.65331102479078,6961.911863365762,3648.732347754206,1
36.47363656589074,52.18602966385241,7434.785898126605,3264.371888369068,1
33.95473066171981,24.071465685383306,27.072514309363083,4954.500691999582,1
57.18116576991304,89.6406422018837,5996.010551304718,1834.645404513136,1
53.22477631150917,24.044639269745666,12929.17483275861,1963.8705734489415,1
58.601076426660505,68.65246602009873,19483.888876327142,763.1212535541556,1
24.971888939421788,88.85752476843895,16941.21653967799,2436.8714281011926,1
49.23469900814577,36.742607295114794,471.8992929105825,1600.8232206803011,1
57.533618272841515,29.95745580810373,17971.212093496786,1979.5788300171635,1
27.249322646626407,28.496945759570025,15663.968265972519,4239.030235175887,1
22.6598506946711,41.22926032973169,15607.522471419608,4703.22876222648,1
49.64482597160236,27.07320677074527,9159.91518007143,1254.372131223854,1
42.978924527196476,68.45129391858924,7960.105859090057,2113.541085145943,1
53.67315107033088,24.36042586910439,6058.314576663853,4671.700585730813,1
25.59089506505158,55.65954897048528,1313.8971790873154,684.3189191704241,1
51.81069247439561,89.76877976970837,4564.707269873982,824.8584293123412,1
28.06509280190978,76.97791886542132,4932.072699560493,1148.8385503486552,1
26.54623771462818,63.06536067617076,9681.541394204032,3137.9790369836237,1
26.570631917239716,41.43775345506282,14948.88813193388,1092.1724466275882,1
52.58298880925528,63.672708540414696,9476.196567958932,4853.151354673374,1
46.607888827848,56.89290247381562,1156.888988943212,2454.8868253891937,1
40.92261699076477,49.82583687232601,19155.79601976408,2706.9826176107654,1
34.3532193649401,29.149726371813962,18854.486381882245,1534.62963270487,1
55.08802163252433,82.06229506683266,15703.790862968168,2566.417161199774,1
35.69780429690542,51.484925417492576,19826.55803128441,3444.802710130253,1
52.66397757886308,33.62357582745356,10889.646656005258,3855.4148299885965,1
37.56539634280874,45.74315456141027,19255.36700506412,3867.7931804656,1
35.07777717699631,48.989082677024896,1512.1008123350155,3058.299118392806,1
38.50719142678426,77.9276526896812,7313.614965227426,4560.054964971743,1
32.05511496656568,71.35300663929814,4507.625360135316,4160.076097608104,1
49.904375207050045,73.85134255489379,3916.6616826854006,3882.421327613677,1
40.10881560369917,20.772188510005304,2816.058977853522,655.7853997301188,1
29.28850780587269,49.130779872583304,12448.272831319933,431.63862621038686,1
55.982982930982736,53.69409061447266,15626.4371149461,1377.2574750991757,1
35.35564885492846,21.343459377613968,11565.967988407214,3452.2085320018805,1
41.74211444455955,38.186924612152396,2939.2541917641934,2291.508448859711,1
56.25888443858188,73.22028761854945,16222.475398669418,2251.068792776834,1
44.969519836559684,29.597679401029936,12719.09414327457,4469.099685856223,1
24.675921628334564,57.47170920168141,7763.31412253991,4519.589101406458,1
57.59328494453901,35.06413104120662,13482.605910721259,4582.206214646494,1
45.10832212285671,20.84845422507253,5198.099584856657,1843.8391519691256,1
33.396224586283445,36.8841020319679,6903.84416988421,3578.856738600604,1
25.57088290653549,88.31116284370377,18349.716862639805,1649.5126338621003,1
51.76100757081184,76.10759783180927,5810.090113428408,1276.8052321424689,1
44.80291023714054,87.17036510247233,9399.765363158733,1249.3093037978983,1
41.33844367905286,54.149783074845374,17802.822747920294,1973.6950559725326,1
55.75570332203831,27.681533907425244,14154.42700535055,2377.80505098718,1
51.54388844898123,58.35716422815851,1244.064523294055,4222.3661868533145,1
26.06699518931005,51.80641341919726,2946.0608855794067,951.4990299744757,1
32.468882711821934,79.10499579177312,156.83181543833635,3780.6588980165134,0
29.93956559257863,26.865780654897122,12618.435804583269,2844.6926052708045,1
49.757851702907075,54.176879591524475,8953.468508208367,1724.5485763095653,1
21.341297389431176,30.5034065285789,2685.4970180455107,2666.9700888509933,1
42.79558739485266,42.7273148823042,19158.68242113541,1779.7335209743042,1
50.49834742962762,71.61499541714598,10593.194478912397,3141.9769940962074,1
55.07062547046998,53.32126905581366,4837.865882257784,2395.6820451341237,1
33.683269948636294,46.31217996020385,10012.07142309415,1156.2654337628421,1
52.850292186880516,47.61333949990247,13592.406654702156,936.2821429562049,1
24.42526947820829,52.16127378841907,1524.7843594712895,2914.8001375317986,1
53.85809166938073,74.95115806859398,5494.0763009578395,4551.099953116076,1
25.0995464932793,82.4459282258164,16139.309817679872,1982.2053581653536,1
35.89149162241469,86.87342805527499,9193.297408053224,3771.800493224067,1
51.89181463118214,75.08323703787066,10931.542840645898,3429.842232722928,1
25.99669709395095,42.07848270236089,8656.320044189386,4685.152605823612,1
29.17005580930566,68.16942942605795,877.9988528601024,4176.512679576048,0
48.89010273572265,50.63221868387743,3314.9955964031187,3006.3841909651296,1
48.801461461842976,37.82694354322358,8910.832774837818,3422.3402918768934,1
45.645905315411895,78.86101055981459,4183.709308158556,4532.577746286561,1
47.757937778684,22.68984442736275,999.5805731935748,2237.7864090999,1
41.70897773390385,83.12333944947964,16872.993281036473,1903.2556469457759,1
30.07196235627811,52.30342252373139,19623.850583282318,449.73098472190316,1
33.827839740156776,64.60410337657963,15862.857479934788,4202.134941280736,1
27.263908672057028,66.15477455440478,17075.69843409334,4084.5112218554787,1
56.33802245334513,82.65824184945754,4839.542606340908,880.4907832606964,1
43.33567179064482,64.56687775170451,19212.539510263996,3053.543953210421,1
36.034056670545596,62.975350933204325,3938.5140890685675,2534.315811567682,1
38.48023214576531,24.6656428392483,19028.596207236646,946.0618393419127,1
57.89133358447261,56.28856153616429,19896.38587931902,4910.613844479329,1
26.13405612464321,30.511830057192917,14234.456114920975,1387.601082331435,1
43.44919328067189,71.62036381050399,19622.874635836437,709.2772284165812,1
40.23554715537864,55.85553445688721,11390.795591342074,3136.297945708784,1
44.45816941738592,67.61594454458474,5190.835663521807,3798.7867148119503,1
20.72440735283362,22.9171030421669,8739.917713312418,549.2398518170601,1
54.88495635776606,25.935441123206225,11871.21870757572,3430.101138144302,1
57.28473129934449,70.14263716438776,1461.6312405402998,2848.5426293766905,1
42.60532734356836,25.045903519907135,12446.865292344923,875.0190408252226,1
47.86603295507569,24.9879709435681,19623.55673524589,1193.6098339532655,1
56.89997524709183,20.84759326644212,3802.1529956745526,3012.6817676539704,1
48.28954537253594,86.9550978809636,15851.902325767665,1763.2450221611266,1
26.101561716570455,71.62558516213048,18157.975875592387,4716.2523517960535,1
43.05153440667253,44.72759859514449,18874.031856404417,4166.205055626633,1
44.26860185531424,40.75749069013587,19202.712088108943,4924.40914996285,1
36.96522685209544,44.479226082209465,10429.192774429439,1594.4858591719044,1
49.45776942498891,74.22574718268274,19546.158159830073,4860.728710870694,1
57.37468059076059,66.29594277492902,15146.204142688777,2383.675801041166,1
57.02274051627106,32.96368975072276,3233.428724739238,1998.5864584432713,1
38.03357485616529,32.18765347338591,9538.0021293594,631.6078240590249,1
24.52952183363021,26.88769547993781,14366.62350744008,642.7201861541721,1
59.39364795849338,66.22119037909367,4946.806316381667,3583.2517773546115,1
53.555923457837366,73.50608635552152,12812.303670977748,2506.4733743965285,1
24.986507248130675,38.55324998275028,13332.009580932385,1441.9994797660863,1
56.83367530469489,21.466147272163898,3253.9948761713176,3224.26340909607,1
54.79585448248513,25.752016723349914,11301.706249055125,1563.1473439505114,1
40.753522285042884,87.75020243915213,15432.538219572154,3057.106069984344,1
43.65101742979717,40.68113442341942,9977.913290718838,2052.3602361203757,1
35.96010815480521,73.84562034866934,242.06233552214852,4188.340242414368,0
22.190465552881253,63.72644981979846,180.76938158584355,4175.202339527184,0
33.40788966583604,46.73577477570271,7140.586879400244,2595.811831363046,1
52.114137943920454,34.398108353688855,18523.88136863564,2013.7679029410717,1
20.185280920184113,28.49704927115845,4573.535592072176,2067.775064171835,1
33.33996686764577,63.05090776272066,12687.273777433744,4106.286818073802,1
35.92674774363773,74.22436464464516,4441.5174138664115,1909.6256208690152,1
41.49582411751692,65.07329774787914,6433.399793190973,1361.6731190514915,1
56.79422465651042,57.12114932744108,16960.841792029678,789.5663726264114,1
33.85383977463845,22.93658564021454,14577.228845398937,2546.7883560682785,1
33.878128075849105,87.79421443160686,1907.9855462642126,2617.8076550312726,1
49.500049924389934,75.90999341582022,8574.040419728672,4268.180067853373,1
38.08871763559229,40.497542569067534,583.3952729052894,1417.6980036518944,0
28.98419291759928,88.59792305511955,9617.80293206018,2152.5598588746398,1
38.09758064530774,62.131711274542546,13248.680234021362,4118.666398910978,1
25.634280815191993,60.76958607450725,2370.052471963031,4188.668609445278,1
27.055479460248932,72.36512256006725,5777.698778183313,2169.2109495023337,1
39.93471090957919,76.82388516630962,7956.732510043139,2511.9705071187323,1
36.757017980181914,65.9535025132052,18390.620493120994,1795.1150979067015,1
56.593836042724,28.966702245634004,19865.10030845928,4689.752440728836,1
34.49575596466532,43.67872541961489,898.2259799123171,945.7613224112695,0
43.22353401112174,84.96585482282349,15220.158469907841,4695.2473458067625,1
45.29057151678121,35.723092829069635,7434.481328046864,3545.785678442579,1
20.523778263533345,46.051691668625935,7849.163724589601,2845.2319023589635,1
46.541494880668424,50.24538180609372,15085.299466940454,550.231679608681,1
27.121438674790056,50.758349278611654,18368.52864290817,2587.742482381238,1
58.442812698778205,62.905770774616784,19018.571890050967,2275.6412830125682,1
25.946509110124516,86.01530864212953,11542.451720766416,1141.6065350855638,1
36.58496494908095,36.84848982827535,7142.423186010056,3419.4841761030216,1
23.413986723145754,28.505096341064267,15750.981717175586,4867.2941738941145,1
59.87497007383789,33.82293429019561,5020.027665246005,2986.0685308968154,1
40.0878004132497,82.08474301464886,11281.480576670356,3687.8650716421507,1
43.81540069280175,65.20675688586442,7171.569230497464,714.8720818036772,1
22.6830590955371,40.01347524674121,13132.621474157522,2321.2681807581757,1
49.99841881596711,77.11628572780322,4807.978257870138,935.249031756681,1
28.396223723823432,80.29589974544052,3831.8589146965155,3218.8608434679477,1
55.922171577628546,79.25600370831947,18364.781733508742,4717.017927785111,1
28.205585619280285,84.32485735476881,2036.073658990738,3444.177569369537,1
27.627508826546663,37.65687141213531,10119.158154698633,753.294022246339,1
21.461986713923796,72.85293501223947,4417.055659260179,2031.464542931381,1
38.88267780439997,52.2377648091898,778.599266513349,2933.051545427917,0
42.59364533050466,78.9398987023043,720.3763658285278,2254.7556782129604,1
22.628345577134095,70.99434740131292,3504.4354421165467,4234.762448185793,1
51.02110466780042,74.35132125498072,17335.407090120007,4147.48662166595,1
38.13155338992111,65.93132863767501,5649.574879540533,3214.4226924748186,1
40.9756107731032,32.42001386287948,19009.183411505914,2117.9065476104442,1
37.63050987752912,58.15188432278568,11632.445859783871,1574.547319310923,1
36.03052243501304,88.92688176671557,8732.283795375322,887.0218637803948,1
42.38561325232872,85.61716465479833,11601.776693389093,2032.5293440381486,1
26.2096098372285,23.022161505790816,10333.967704525356,2300.59357915551,1
27.277125219810845,31.537037101060598,15175.525075146503,3508.7854554787386,1
54.47142484054069,29.22101414181933,5649.921319457046,3427.535191768838,1
57.84461848534531,70.81859369897069,7061.0078320060475,722.497442349782,1
34.93237265119012,77.24497308998616,17881.886050665016,2218.192850983326,1
30.82978692574215,34.94579564174703,18929.130263008108,1236.1827891998648,1
45.75998172956063,55.40968850662803,17851.16454972949,1121.3384444573062,1
36.34936684392386,78.849211960784,8388.959879146272,4205.589888791332,1
21.015454226413794,71.29610813363755,15607.310060137634,592.8099968947846,1
26.246103894647614,57.95660438442938,9526.714666021975,2328.241229149758,1
48.6388891538959,61.3243383321141,9950.797042922044,1173.7368165259836,1
46.356957676406054,55.5852382841396,4093.602181145679,4444.91899212098,1
21.08383970013934,40.828391592317445,11822.606065170328,2962.3863610651615,1
28.878886477317977,59.55153950013113,3722.717955066959,1464.350927333501,1
29.242991863522857,68.22197114350635,6631.293981343875,2711.1655209653313,1
46.87570974394914,81.13260411025654,17100.604032398704,3764.8372546343326,1
20.788421510174565,64.54039477854737,4141.516184217105,4807.3428410293955,1
24.164343279382955,73.27850759302106,1423.1657034686561,1414.051619528927,1
51.996643414927576,31.20501444682011,1380.151852256326,4476.436151794987,1
27.141786482173345,52.309023209385295,18815.690410062158,4697.798925170455,1
46.10984431407499,20.653213387896532,10138.408759236692,4615.534504847505,1
29.52731124186906,37.26752051651361,8188.241436340367,3322.906041564785,1
23.977655710373806,70.85232005791033,16217.57162015837,3297.1750103996555,1
29.726887639978163,89.42669659445544,16716.51855821032,2254.768912645585,1
48.89067727422636,26.942466971105112,6643.820662312092,3861.0302585974246,1
54.22785872425143,48.10460211029017,13872.361149475904,2843.952484414287,1
53.208794582679666,76.00496780894116,15422.456317037731,3516.2151276501545,1
35.88734118473819,34.28249442402292,13093.01373731909,2370.906357704459,1
46.723405462825845,58.85594645116004,3031.9014960019877,3764.88373459844,1
28.19937181663284,71.31499072207723,17517.661670341142,4192.5689809809255,1
31.72590921044053,63.118981518212536,10781.891054720174,1073.6067803729543,1
55.85343274084479,33.16173142307913,5649.4485274000735,4231.476691641448,1
20.52007694042944,44.87691980800176,8504.563708753878,2885.3640462354133,1
23.42034123417872,74.8654249139778,751.4218079781476,4285.463181815032,0
28.315450205841092,58.79585598924116,2557.336024448351,2383.9878491686673,1
21.061288154952788,20.366072948003893,15310.935010317216,2143.586232761961,1
27.257417403591894,73.26935320196657,0.23269510732282228,4609.279369579223,0
43.32166243878768,22.471794845816735,8331.316569645844,1555.378630722646,1
36.85698202369991,72.20136479118625,10450.20362171177,4283.376696316258,1
55.706868443078996,34.173639211566616,1092.688400019446,2626.4946335432587,1
52.69774246953764,87.06514360835662,19461.56325944666,2764.839035735795,1
33.67269406791504,45.75585259114591,4522.506624993439,1818.9540948516265,1
30.3769373372517,42.88521314366554,6083.974392725618,3035.994122847472,1
35.18769632669068,30.422163523271127,6078.850245100547,1895.971502870572,1
43.611797700592305,41.39229508431504,4608.333242346998,580.6393055116007,1
30.72254563291505,81.36555332797404,29.47644172622832,1651.1935845840378,0
44.965956313965364,89.7434036339073,14586.895881759927,429.34359967031713,1
36.37646608764962,45.78166713547938,19336.90999598571,4900.432020461541,1
42.08188723407921,51.40274416681798,4485.869665700901,4842.437165170839,1
37.44506116541267,70.54496567419159,13260.943836068449,2217.7143683726035,1
31.778630381676706,82.03370463255521,14837.926539174303,3750.5059299623717,1
57.938132278486265,61.51310339307489,16968.507581810496,1990.708052687955,1
50.54423176639043,47.40679887244805,8452.583940272183,3487.02852259549,1
25.6045270306581,48.88352885940366,6058.618112808585,4104.978198011504,1
54.73871903591651,68.69327025477648,6505.902680460622,4755.078725584307,1
39.497247929980546,20.22527845229951,14252.426661970258,2240.9764689084914,1
55.78208907576366,63.371253622188846,16335.589330112722,4003.1707215978195,1
51.99421023789261,44.884510730895016,3632.2793551320533,1623.2708729077465,1
37.00854017876934,75.59381318939589,7418.820163155304,4955.528597450782,1
20.898772332804697,26.509344787619252,18038.803934983,518.5401543160152,1
30.747094375397843,61.17415868638734,16133.870393894786,3176.2325099051563,1
41.66536858643468,53.668102292028664,19697.168055249516,3433.7275155961047,1
45.33912879304589,64.96278681336591,15084.965193641616,3565.0095625409926,1
30.315507417328092,24.539751613807784,7863.904020558445,953.7828624298095,1
25.574242962912965,60.59886511996919,11812.756679892755,4717.2370039764,1
53.39720947197196,59.30392115716666,13220.285084946407,1233.443083630381,1
59.37608722814208,59.24620660913197,1569.116326342479,3264.665654903269,1
41.02760729210743,62.24413666175184,10889.939182077302,1424.3099639661907,1
26.86717143393214,67.35275560584535,14186.41656945219,1813.195518297846,1
30.892293060774758,76.34922997765389,3346.426080021208,2913.709291949372,1
20.73562706189867,38.887450408975,15612.634348511143,2319.0897253970516,1
56.57195226241996,77.75345871260434,11675.455610282233,1137.037764491929,1
24.710043315605645,54.877897758441755,19044.435713951894,1186.3074511359023,1
43.06065902057014,25.39407953940318,848.4459641378339,2323.4660255488784,1
30.96220882748824,24.098565047078544,5306.522751109339,3883.5017000673033,1
42.167120100631735,43.39668230872425,12031.077585996482,4530.637375499828,1
46.05681553407457,74.94278839780273,5931.198244118614,786.9872463931611,1
53.18967214828807,69.5376654318641,14288.483281424844,2208.2779747732448,1
28.256850870424127,75.20304752706845,15180.10565043862,861.1295931252325,1
20.439833146339218,56.208833950912656,2050.319281329489,476.3254109099503,1
25.47542520275229,50.81392985688434,10277.089284135354,3443.9059401622003,1
56.0007456739242,30.321676869439877,10177.811111821118,3171.2674330463037,1
54.95560310250061,42.97349275265181,7385.615404310822,1149.8879235484765,1
43.896524086812335,50.381355632171264,18658.49725139344,1475.5390322280948,1
44.020674417346136,26.202030077573205,16550.126397464424,509.0556667647845,1
46.60146698185022,35.442836689784784,13944.187638192736,4240.757146194257,1
27.014851144937985,61.87577058446172,14286.532714699952,4883.576741823336,1
56.57647783699839,71.49641799674329,9234.322876262382,1023.1138692555777,1
36.75082099568293,89.88432579750648,18419.89042193152,1464.7859833203713,1
35.3255411299799,85.31793319404903,13891.908545065708,4394.683810155897,1
40.7567082113135,64.9795639674634,14579.62123311633,4661.73347059845,1
21.8786386710022,49.487363730585045,17233.818075746905,2330.2859609113275,1
26.651334750243176,64.5324155295763,5481.43178684382,632.863372437741,1
49.52134465705482,74.99561326561624,16141.41807733406,581.2024349869693,1
23.311946717005057,28.283533364637112,3904.8120591298407,3040.169383917448,1
44.12608437865553,48.693342278740175,6906.839044897757,2207.3175009086235,1
29.813964387252838,78.7861599944932,6712.209085396854,531.8011668572108,1
35.571824561679065,46.868306635313076,19570.50936778281,3082.961004637761,1
31.547749470827995,60.03105898590306,17130.744474958537,451.9916683095034,1
34.226908658597964,61.143855260353874,14023.397231805195,4021.9110074866558,1
48.76183620736982,32.91333771935476,14541.135232307803,1809.5909844355092,1
31.884868624927,45.356480915660185,11241.455888051421,585.1868138424677,1
42.656185611875884,43.415790211935246,18941.813342170382,3106.420216522505,1
39.04201608796399,21.833769597244537,9925.175057647231,2229.3483063920517,1
46.546846614505924,21.693423472394866,7610.354197397891,4879.481901442888,1
57.47318957299032,78.21879305730414,3260.70673863182,2903.31384751703,1
49.30288388841001,39.11495669809687,15724.11304522116,1666.100232770238,1
28.59761514363027,56.26551363671708,14688.878641511828,3663.418777316284,1
21.247325402451388,40.910790151214115,7687.100770482698,1648.863211696472,1
30.490561771993004,85.84754715807384,503.8682791845872,4559.519140474799,0
43.803117228010194,38.150773120604164,16779.946554360213,2123.7210643339313,1
22.057032539370013,50.07597689172546,228.35966908147265,2929.395388770544,0
39.85464988804945,81.09111753392213,14073.995592581019,632.6362775914528,1
43.87371395667557,78.93534967542661,19405.14219452114,2360.1576945802617,1
33.369755632678434,33.02709924923941,8753.22656296407,4228.872282440577,1
50.836488149832874,76.18503168569973,4699.468099919055,4105.984504671373,1
24.26393012535087,52.073082071652486,14097.420200867635,1431.8653707262208,1
23.00551126943235,53.80782104597486,16342.562840311703,1439.9637266485884,1
49.12755024814413,29.343598069116062,10928.606321556947,4159.604436180889,1
39.81965264824794,25.642105962998727,19340.705505122925,4679.8327327788975,1
47.536095857109444,70.95575148816357,1033.374433159222,838.6602378558164,1
37.39309354414985,54.75228066487098,10095.911966090564,2470.269741360636,1
29.856081329564272,50.57954918306257,14369.078946451002,1952.2896832354534,1
52.764092706967986,71.06557600566777,17252.80942298358,4405.166895104221,1
51.976635158759166,73.58590292937768,3585.112238155801,784.2146075280864,1
47.78785883417707,31.12357173685475,16000.069635273629,1371.1793357669721,1
30.885805489198507,62.71576046343489,11054.141514370905,3861.354352897874,1
43.609226674763484,29.474785759437985,7931.073639799264,635.9517053135917,1
34.438955877601074,72.5962560220332,2634.3005715818713,2665.662751285731,1
23.663282933065368,65.98686093869976,17305.91517817825,2433.692359526712,1
56.692543018489715,86.96302347584206,3145.464163594307,1938.2454233482438,1
25.472745236758456,24.827061144949482,6195.7571841819845,2215.0326504670493,1
58.0094941528321,23.993830480587803,5800.910639248737,2837.7266998790715,1
37.84023091831823,39.75309522852401,17428.280683817087,1142.2898485865624,1
